field,present,total,coverage,coverage_percent
findings,2756,2757,0.9996372869060574,99.96
impression,2730,2757,0.9902067464635473,99.02
report_text_clean,2757,2757,1.0,100.0
